,predict_model,MSE,RMSE,MAE,MAPE(%),MDA(%),R^2,score
0,510500.XSHG,0.018368296644809518,0.1355296891637014,0.08598765164812938,1.2406833661987466,52.15311004784689,0.041738571998136804,0.3539916384377177
1,600339.XSHG,0.005568514775135583,0.07462248170046064,0.057286646573122366,1.9073660987274925,48.803827751196174,0.18893487267226092,0.33208339740360593
2,600348.XSHG,0.486042666032329,0.6971676025406868,0.5336355176054666,3.680839431471173,46.889952153110045,0.035382088692345715,0.2675044344482813
3,000100.XSHE,0.026141982779258943,0.16168482544524376,0.12890819299003495,2.7380381979203956,44.49760765550239,0.039664905306782385,0.2931163578936724
