,model,net income(yuan),Cumulative return(%),annualized rate of return(%),excess annualized rate of return(%),max drawdown,std,sharpe_ratio,sortino_ratio,CalmarRatio,ann sharpe ratio
0,buy_and_hold,-307.0799999999999,-3.0707999999999993,-3.684959999999999,0.0,-24.22836583980307,0.05871636375695766,-0.45308372094612487,-0.7846410800102445,-0.0015209279999999993,-7.192481092291398
1,Turtle Strategy,3423.1700000000055,34.23170000000005,41.07804000000006,46.475607547897056,-5.516769558095157,0.13285904830048345,1.1413225558298452,1.5386888303289021,0.07446031516709496,18.117933890606416
2,MA Strategy,3285.540000000001,32.85540000000001,39.426480000000005,44.7608597784936,-7.57025428027724,0.14121359267389358,1.4809634981345443,1.8282067077652602,0.052080786906613816,23.50956670096964
3,PG Strategy,3245.2499999999945,32.452499999999944,38.942999999999934,44.25888210190219,-10.456750517278362,0.13669447138903087,1.3970635734284058,1.8144863835188456,0.03724197104602611,22.17769668623272
4,QL Strategy,3217.1100000000024,32.171100000000024,38.60532000000003,43.90828265242899,-12.538545264021872,0.09895353025695626,1.3121119016648473,1.6668716192492745,0.030789313422805286,20.829130704559336
5,EOW Strategy,4401.1300000000065,44.01130000000006,52.813560000000074,58.66012203286222,-6.459734109158244,0.13180208362268614,1.0602247303727481,1.4734878731332754,0.081758101970674,16.830545822440804
