,model,net income(yuan),Cumulative return(%),annualized rate of return(%),excess annualized rate of return(%),max drawdown,std,sharpe_ratio,sortino_ratio,CalmarRatio,ann sharpe ratio
0,buy_and_hold,-2986.5180000000028,-29.86518000000003,-35.83821600000003,0.0,-31.02464875686204,0.08159183792387041,-2.047478732039553,-2.8178327309670252,-0.011551529972462083,-32.502717238023074
1,Turtle Strategy,-1949.7119999999995,-19.497119999999995,-23.396543999999995,19.39109423765406,-27.079360000000012,0.066300491606193,-2.3973873662429064,-3.715568886367314,-0.008639991491674834,-38.057344604201134
2,MA Strategy,-1903.1490000000003,-19.031490000000005,-22.837788000000003,20.261949075480867,-21.263749796047353,0.049020450463884126,-2.973627353513354,-4.702656199420407,-0.01074024488580337,-47.204870815052914
3,PG Strategy,-385.46199999999953,-3.8546199999999953,-4.625543999999994,48.64682690244408,-27.08023328531378,0.06213337728680049,-1.8954422290493456,-2.439736014812046,-0.0017080886827177118,-30.08921257532698
4,QL Strategy,968.4319999999971,9.684319999999971,11.621183999999966,73.96832980828592,-8.236189044692225,0.035461552389025056,0.04165702733307276,0.0564006988454273,0.014109904395029866,0.6612848080891846
5,EOW Strategy,2998.6280000000042,29.986280000000043,35.98353600000005,111.93852091145114,-3.2837114791505915,0.11907602422989359,0.7268383857946071,1.0826357722300064,0.10958190519621422,11.538201672888915
