,model,net income(yuan),Cumulative return(%),annualized rate of return(%),excess annualized rate of return(%),max drawdown,std,sharpe_ratio,sortino_ratio,CalmarRatio,ann sharpe ratio
0,buy_and_hold,5978.16,59.781600000000005,71.73792,0.0,-24.12718850655356,0.32470830806618345,0.5495607840886552,0.9963645245577198,0.0297332281299639,8.724006990073462
1,Turtle Strategy,9730.899999999994,97.30899999999994,116.77079999999992,26.221861776362452,-16.836353223779483,0.2298467485607585,1.3921593496695228,2.37509568409474,0.06935634958945511,22.099844547593808
2,MA Strategy,9608.46,96.08459999999998,115.30151999999998,25.36632561987473,-17.44476661180279,0.38529191726882983,0.7877252983337987,1.3748510039158859,0.06609519208012173,12.504751444952362
3,PG Strategy,20822.86,208.22859999999997,249.87431999999998,103.72572347446622,-12.070212013721711,0.7645686992045589,0.8855692425205766,1.6205948018262508,0.20701734129933821,14.057975906623751
4,QL Strategy,13714.869999999999,137.1487,164.57843999999997,54.0594179782776,-17.437120078210135,0.5505556196691909,0.960655667284388,1.6163358273006363,0.09438395747796756,15.249935947195793
5,EOW Strategy,40118.97,401.1897,481.42764,238.5551892092323,-7.061229401966035,1.3058953765674943,1.028740988065337,1.7864519457209924,0.6817901141491843,16.330756907518488
